URL,Tên sản phẩm,Giá
https://www.lazada.vn/products/pdp-i2322467271.html,Áo thun polo nam vải cá sấu phối sọc viền tay viền cổ Everest 15 màu,"₫ 57,000"
https://www.lazada.vn/products/pdp-i2162767835.html,Áo POLO nam nữ trơn vải cá sấu cotton cao cấp ngắn tay cực sang trọng,"₫ 51,000"
https://www.lazada.vn/products/pdp-i2322436291.html,Áo thun polo nam vải thun cá sấu có cổ Everest 14 màu,"₫ 57,000"
https://www.lazada.vn/products/pdp-i2605690904.html,SUPEEON丨Men's polo shirt simple monochrome business casual versatile and mature top comfortable and breathable,"₫ 45,000"
https://www.lazada.vn/products/pdp-i2795260220.html,"Áo polo nam thêu logo, chất vải cotton co gian 4 chiều thoải mái, dễ phối ML CLOTHINGS","₫ 93,900"
https://www.lazada.vn/products/pdp-i2684556079.html,Áo thun polo nam phối cầu vai chất vải cá sấu co giản Everest phối màu mới 2024,"₫ 59,900"
https://www.lazada.vn/products/pdp-i2692107297.html,"Áo thun polo nam vải cotton co giãn 4 chiều thoải mái, thêu logo phối viền cổ - ML Clothings","₫ 89,000"
https://www.lazada.vn/products/pdp-i2049303192.html,Tshirt,"₫ 47,200"
https://www.lazada.vn/products/pdp-i2322481151.html,Áo thun polo nữ vải cá sấu nữ có cổ phối viền sọc Everest 15 màu mới 2024,"₫ 59,900"
https://www.lazada.vn/products/pdp-i2640822293.html,YIPINYOUYOU丨Men's polo shirt simple monochrome business casual versatile and mature top comfortable and breathable,"₫ 61,000"
https://www.lazada.vn/products/pdp-i2476901118.html,áo thun polo nam Cao cấp,"₫ 85,932"
https://www.lazada.vn/products/pdp-i2544072270.html,"Áo thun polo đơn giản dành cho nam, chất lượng, phong cách Unisex, thời trang, thể thao","₫ 45,100"
https://www.lazada.vn/products/pdp-i3087916282.html,"Áo Thun Polo THUYỀN SIXMEN Ngắn Tay Dòng Cao Cấp Vải Cá Sấu Sang Trọng, Lịch Lãm 2025 - TTN10","₫ 108,900"
https://www.lazada.vn/products/pdp-i3074864897.html,Áo thun polo ngắn tay taxi xanh sm premium nam nữ Full size,"₫ 79,000"
https://www.lazada.vn/products/pdp-i1801993922.html,Áo Thun Polo Nam Ngắn Tay Cổ Sọc Có Túi Chất Vải Co Giãn Bền Màu có size cho người 90kg FHDA015_2,"₫ 119,000"
https://www.lazada.vn/products/pdp-i3087876215.html,"Áo Thun Polo Nam SIXMEN Ngắn Tay Dòng Cao Cấp Vải Cá Sấu Sang Trọng, Lịch Lãm 2025 - TTN1","₫ 108,900"
https://www.lazada.vn/products/pdp-i2629722691.html,Áo thun nam POLO vải cá sấu trơn cotton co giãn 4 chiều cao cấp thoáng mát mềm mịn dễ phối đồ,"₫ 55,000"
https://www.lazada.vn/products/pdp-i2325811193.html,Hanlu Men's shirts Casual shirt Striped polo shirt Men's business shirts,"₫ 121,000"
https://www.lazada.vn/products/pdp-i2300932434.html,[BÔNG] Áo Thun Nam Cổ Trụ Trung Niên Họa Tiết Bông Đẹp Chất Cotton From Rộng Tay Lỡ Size Từ 50 - 82kg,"₫ 79,000"
https://www.lazada.vn/products/pdp-i2834174973.html,Áo thun POLOMAN 23 nam nhiều màu cổ bẻ BASIC CVC vải cá sấu co dãn thanh lịch,"₫ 129,000"
https://www.lazada.vn/products/pdp-i3109317825.html,Áo Polo nam cao cấp Hot nhất cho nam - Áo thun polo vải thoáng mát 2025 - P2,"₫ 120,000"
https://www.lazada.vn/products/pdp-i2712345079.html,Áo thun baby BASIC TRƠN ôm body chất tăm cotton,"₫ 30,628"
https://www.lazada.vn/products/pdp-i3071572410.html,"Flip Collar Fashion Polo Shirt Short Sleeved T-shirt for Women in Summer 2025, New Stylish Mom Middle-aged Loose Fit Slimming Top","₫ 126,173"
https://www.lazada.vn/products/pdp-i3123798434.html,Đồng phục phục vụ màu đen áo polo cá sấu poly 4 chiều tạp dề kaki cao cấp đủ sizeĐồng phục phục vụ màu đen áo polo cá sấu poly 4 chiều tạp dề kaki cao cấp đủ size,"₫ 75,000"
https://www.lazada.vn/products/pdp-i2749015094.html,Polo man,"₫ 88,110"
https://www.lazada.vn/products/pdp-i3080138592.html,"áo thun polo kỉ niệm 50 năm,áo thun cá sấu thời trang","₫ 150,000"
https://www.lazada.vn/products/pdp-i2593188742.html,Bigsize 45-100KG Áo Polo Tay Ngắn Giả 2 Lớp Tay Ngắn Dáng Rộng Cho Nữ,"₫ 75,004"
https://www.lazada.vn/products/pdp-i2507642088.html,"Áo Polo Thể Thao Nam Nữ Chính Hãng Egan 5 - Chất Vải Kháng Khuẩn, Co Giãn 4 Chiều, Thiết Kế Bắt Mắt","₫ 169,000"
https://www.lazada.vn/products/pdp-i2128082790.html,Fashion boy girl,"₫ 68,172"
https://www.lazada.vn/products/pdp-i3037594029.html,Áo POLO mùa hè áo phông nam cộc tay mẫu mới dễ phối thường ngày,"₫ 99,000"
https://www.lazada.vn/products/pdp-i2810392936.html,Embroidered Polo Shirt Blouse for Women Korean Version Casual Short-sleeved T-shirt Women's Casual Slim Top,"₫ 119,971"
https://www.lazada.vn/products/pdp-i2122774000.html,"[ Rẻ vô địch ] Áo thun có cổ , áo polo form rộng tay lỡ - CRHSUR","₫ 39,000"
https://www.lazada.vn/products/pdp-i3074686548.html,"Áo Thun Thể Thao Nữ Cổ Trụ, Áo Polo Thể Thao Trơn Basic Tập Gym, Yoga, Tennis, Cầu lông, Golf, Pickleball","₫ 160,000"
https://www.lazada.vn/products/pdp-i2602395833.html,"Áo thun Polo cổ bẻ POLOMAN BASIC vải CVC cá sấu cao cấp, thiết kế trẻ trung, thanh lịch, chuẩn form","₫ 219,000"
https://www.lazada.vn/products/pdp-i3094994043.html,Áo Thun Polo Cotton Tay Ngắn Cổ Polo Thường Ngày Mùa Hè Phong Cách Mới Cá Tính Áo Thun Nữ Cạp Cao Cổ Polo Ngắn Kiểu Dáng Sinh Viên,"₫ 174,000"
https://www.lazada.vn/products/pdp-i2826967835.html,POLO Shirt Blouse for Women Striped Short-sleeved T-shirt Women's Korean Version Middle-aged Mother Summer Dress Fold-up Collar Top,"₫ 125,743"
https://www.lazada.vn/products/pdp-i2714024411.html,Áo len mongtoghi polo dệt kim nữ tay ngắn kiểu cổ bẻ kẻ sọc ngang phong cách Hàn Quốc trẻ trung,"₫ 94,050"
https://www.lazada.vn/products/pdp-i3069165778.html,adidas Tennis Club 3-Stripes Tennis Polo Shirt Men White HS3268,"₫ 544,000"
https://www.lazada.vn/products/pdp-i2409688982.html,"Áo thun POLOMAN cổ bẻ BASIC CVC vải cá sấu sang trọng, lịch lãm, thoáng mát","₫ 149,000"
https://www.lazada.vn/products/pdp-i1903688814.html,Áo Thun Polo Nữ SANDBOX Thời Trang Có Cổ Đẹp Thiết Kế Trơn Basic Trẻ Trung(APC23001),"₫ 149,000"
https://www.lazada.vn/products/pdp-i2409674976.html,Áo thun POLOMAN 6 nam cổ bẻ BASIC CVC vải cá sấu co dãn thanh lịch.,"₫ 129,000"
https://www.lazada.vn/products/pdp-i1879825658.html,Áo Polo In Hình Khủng Long Cho Bé Trai Áo Thu Cộc Tay Chất Vải Cá Sấu Cho Bé từ 10-27kg SUMOKISD,"₫ 77,769"
https://www.lazada.vn/products/pdp-i3078105066.html,[Polo Ralph Lauren] Polo Ralph Lauren T-shirt for women Round neck short sleeve T-shirt Embroidered logo all-match top,"₫ 185,163"
https://www.lazada.vn/products/pdp-i3059509024.html,Áo thun POLO VIỆT NAM 9 ký họa Độc Lập nhiều màu cổ bẻ BASIC CVC vải cá sấu co dãn thanh lịch,"₫ 139,900"
https://www.lazada.vn/products/pdp-i2652924788.html,"Áo Thun Polo, Áo Thun Nam Pierre Cardin Chính Hãng Vải Cotton Co Giãn Mẫu 2025","₫ 315,000"
https://www.lazada.vn/products/pdp-i2089162482.html,Áo POLO thiết kế vải cá sấu cotton cao cấp ngắn tay cực lịch lãm và sang trọng AT39B,"₫ 95,000"
https://www.lazada.vn/products/pdp-i2603160723.html,"Áo Thun Polo Nam cổ bẻ POLOMAN Mới vải Cá Sấu CVC cao cấp chuẩn form, phong cách mới mẻ, trẻ trung","₫ 219,000"
https://www.lazada.vn/products/pdp-i3106410507.html,Áo Thun Polo Tay Ngắn Màu Trơn Cho Nam Mùa Hè Mỏng Thường Ngày Cổ Polo Tay Lửng Bằng Lụa Băng Thoáng Khí Thoải Mái,"₫ 67,900"
https://www.lazada.vn/products/pdp-i2393949876.html,2024 Summer New Ice Silk Short Sleeve Men's Shirt Collar Solid Polo Shirt Half Sleeve Casual T-shirt,"₫ 160,000"
https://www.lazada.vn/products/pdp-i2673026443.html,ÁO HOODIE SPORTS 2 MÀU NAM NỮ FORM RỘNG - KHOÁC NỈ FORM UNISEX CAO CẤP MỚI - PARIS FASHION,"₫ 85,000"
https://www.lazada.vn/products/pdp-i2828236914.html,"Áo Polo Nam Cotton Trơn Cổ Tệp Màu , Thoáng Mát , Sang Trọng , Thanh Lịch - PMK5","₫ 88,110"
https://www.lazada.vn/products/pdp-i2653010179.html,MOSES Mickey Ding Dang bé trai ngắn tay áo t-shirt mùa hè ăn mặc trẻ em phim hoạt hình polo áo trẻ em bé ve áo đầu,"₫ 87,978"
https://www.lazada.vn/products/pdp-i2168806671.html,Áo polo nam nữ kiểu dáng unisex_E,"₫ 42,000"
https://www.lazada.vn/products/pdp-i2021267471.html,Ladies t-shirt short-sleeved summer new polo middle-aged sports casual top large size,"₫ 115,811"
https://www.lazada.vn/products/pdp-i2842936872.html,Polo Shirt Embroidered Striped Collar Blouse for Women Plus Size Stitching Color Fashion,"₫ 125,743"
https://www.lazada.vn/products/pdp-i2745126946.html,Áo Polo Cờ Việt Nam dành cho nam nữ nhiều màu cổ bẻ BASIC CVC vải cá sấu co dãn thanh lịch,"₫ 129,000"
https://www.lazada.vn/products/pdp-i3004197248.html,Laz Nigori Women's Short-Sleeved Polo Collar Shoulder Lapel Short-Sleeved Embroidered T-shirt Top,"₫ 95,000"
https://www.lazada.vn/products/pdp-i2306214590.html,"Áo Polo in hình gấu trúc SUMOKIDS, Áo polo cộc tay cho bé trai từ 10-26kg.","₫ 76,000"
https://www.lazada.vn/products/pdp-i2603816386.html,"Áo Thun Polo Nam cổ bẻ POLOMAN Mới vải cá sấu CVC kháng khuẩn, chống nhăn, thoáng mát","₫ 199,000"
https://www.lazada.vn/products/pdp-i2364600537.html,"Áo polo, áo polo nam, polo thêu ngựa, kiểu dáng trẻ thời trang, vải co giãn mát","₫ 55,000"
https://www.lazada.vn/products/pdp-i2421397287.html,High Quality Short Sleeved T-shirt for Women with Foldable Collar Polo Shirt Westernized Casual Blouse Fashionable Sports Top,"₫ 107,811"
https://www.lazada.vn/products/pdp-i2820672333.html,Áo thun POLOMAN 22 nam nhiều màu cổ bẻ BASIC CVC vải cá sấu co dãn thanh lịch,"₫ 129,000"
https://www.lazada.vn/products/pdp-i2418787727.html,"Áo Polo nam cao cấp cổ bẻ SIXMEN - Tặng Kèm Hộp Quà - PRIMEI xanh đen - vải cá sấu cotton CVC thoáng mát, trẻ trung","₫ 300,000"
https://www.lazada.vn/products/pdp-i2813064569.html,Polo Shirt Blouse for Women Striped Short Sleeve Loose Korean Top Women's Middle-aged Folding Collar Fashion,"₫ 125,743"
https://www.lazada.vn/products/pdp-i1957680044.html,"Váy đầm polo nữ cổ bẻ ôm body tay ngắn thun cotton sọc trắng sọc trắng đen, Đầm thun body sọc ngang tay ngắn ôm người tôn dáng mtb","₫ 73,400"
https://www.lazada.vn/products/pdp-i2028653899.html,"ÁO Thun Nam có cổ mẫu mới được may thêm LOGO kim loại phía trước, chất liệu thoáng mát co dãn tốt_GG2/3 29/06","₫ 19,000"
https://www.lazada.vn/products/pdp-i2538892092.html,"Áo Polo nam trơn Basic cổ bẻ - Tặng Kèm Hộp Quà - POLO BASOR - vải cá sấu cotton CVC trẻ trung, thanh lịch, sang trọng","₫ 274,000"
https://www.lazada.vn/products/pdp-i2842000676.html,Áo thun POLOMAN 29 nam nhiều màu cổ bẻ BASIC CVC vải cá sấu co dãn thanh lịch,"₫ 129,000"
https://www.lazada.vn/products/pdp-i2345233702.html,Women's Large Size T-shirt Summer Korean Style Loose Hot Girl Street Contrast Color Short Sleeve Slimming Irregular Polo Collar Top,"₫ 121,110"
https://www.lazada.vn/products/pdp-i2820701370.html,Áo thun POLOMAN 4 PHỐI CỔ nam nhiều màu cổ bẻ BASIC CVC vải cá sấu thanh lịch,"₫ 129,000"
https://www.lazada.vn/products/pdp-i1460018226.html,áo thể thao polo nam nữ mặc được .đủ size đủ màu chất mịn mát GIÁ SĨ,"₫ 59,000"
https://www.lazada.vn/products/pdp-i1128460934.html,Áo thun bé trai bé gái chất thun cotton mịn mát DR & NBITA co dãn 4 chiều size 6-55kg,"₫ 26,100"
https://www.lazada.vn/products/pdp-i2609222877.html,"Áo Polo Nam Li-Ning Chính Hãng Mẫu được thiết kế tỉ mỉ tinh tế đến từng chi tiết, Form slim nhẹ ôm dáng tạo cảm giác dễ chịu khi mặc Chất vải thể thao co dãn bốn chiều, thoáng khí Phù hợp để mặc đi làm, đi chơi hoặc thể dục thể thao - AKJR 803-3","₫ 249,000"
https://www.lazada.vn/products/pdp-i3029758426.html,Áo Thun Polo Thời Trang PUMA Nam ESS No. 1 Logo Pique,"₫ 800,000"
https://www.lazada.vn/products/pdp-i3094894210.html,"Áo thể thao nữ tay ngắn cổ polo khóa kéo tập Gym, Yoga, Tennis, Cầu lông, Golf, Pickleball chất thun co giãn 4 chiều, thấm hút mồ hôi tốt","₫ 103,500"
https://www.lazada.vn/products/pdp-i3106639963.html,áo thun polo Vinfast nam nữ áo phông có cổ bẻ ngắn tay hãng xe ô tô đồng phục vải poly cá xấu gai mịn của XUZI.,"₫ 129,000"
https://www.lazada.vn/products/pdp-i2605630923.html,Laz Nigori Women's T-shirt Unique French sweet and spicy summer new polo lapel knitted shirt short-sleeved T-shirt women's short thin top,"₫ 78,000"
https://www.lazada.vn/products/pdp-i2812075291.html,Polo Shirt Fold-down Collar Striped Blouse for Women Short-sleeved T-shirt Women's Korean Version Fashion Top Women,"₫ 131,514"
https://www.lazada.vn/products/pdp-i2399894493.html,Fashion Short-sleeved POLO Collar Plain Blouse Women's Loose Plus Size T-shirt Tops,"₫ 113,043"
https://www.lazada.vn/products/pdp-i2657084769.html,Áo Polo cổ bẻ tay ngắn có ve áo Áo polo mùa hè,"₫ 101,000"
https://www.lazada.vn/products/pdp-i3024377648.html,[25-29.6 GIẢM TỚI 50%] Áo phông bé trai CANIFA 2TS25S001,"₫ 94,000"
https://www.lazada.vn/products/pdp-i2662236414.html,Áo thun polo bé trai 17-55kg YF TAY005-3,"₫ 239,000"
https://www.lazada.vn/products/pdp-i2778974709.html,"Áo Thun Polo Nam POLOMAN Hình Ngựa Majestic Chất Cá Sấu CVC Thoáng Mát, Sang Trọng, Phong Cách","₫ 199,000"
https://www.lazada.vn/products/pdp-i2250453924.html,Cameljeans Men's Polo Shirt Summer New Sports Cotton Breathable Short-sleeved Lapel Top,"₫ 214,000"
https://www.lazada.vn/products/pdp-i2778213581.html,Áo polo nam trơn thun có cổ tay ngắn AREMI chất liệu cotton cá sấu interlock co giản và thoáng mát,"₫ 59,000"
https://www.lazada.vn/products/pdp-i1884467273.html,Áo Polo Nam Áo thun nam cổ bẻ MENTORIS chất Coolmax Mát Lạnh Thấm Hút Tốt Form Basic Regular Fit Co Giãn Thoải Mái MPL01,"₫ 179,100"
https://www.lazada.vn/products/pdp-i2819115635.html,Áo thun POLOMAN 21 PHỐI CỔ nam nhiều màu cổ bẻ BASIC CVC vải cá sấu co dãn thanh lịch.,"₫ 129,000"
https://www.lazada.vn/products/pdp-i1750358569.html,[NHẬP LAZSOCIAL66 GIẢM 20% CHO ĐƠN 0Đ] Beverly Hills Polo Club - Áo sơ mi Dài tay Nam Slimfit KMS- BHPC CMSLS20TL030,"₫ 290,000"
